linkage,k,silhouette_score,davies_bouldin_score,calinski_harabasz_score,min_cluster_count,min_cluster_share
ward,2,0.0689,2.9038,457.0979,1608,0.3216
ward,3,0.0828,2.8521,393.8358,817,0.1634
ward,4,0.0985,2.606,371.167,359,0.0718
ward,5,0.1023,2.5657,358.6502,359,0.0718
ward,6,0.0768,2.4808,346.7746,359,0.0718
ward,7,0.077,2.3622,329.4138,359,0.0718
ward,8,0.0825,2.3469,309.2948,359,0.0718
ward,9,0.0779,2.3176,288.9727,197,0.0394
ward,10,0.0789,2.5246,273.2926,197,0.0394
complete,2,0.0771,3.161,292.0014,951,0.1902
complete,3,0.0721,3.4413,303.9015,902,0.1804
complete,4,0.0817,3.0652,278.6101,247,0.0494
complete,5,0.0779,3.022,227.0731,127,0.0254
complete,6,0.0508,3.2366,229.3771,127,0.0254
complete,7,0.0532,3.0061,222.935,127,0.0254
complete,8,0.0547,2.9038,217.9349,127,0.0254
complete,9,0.056,2.7364,209.493,127,0.0254
complete,10,0.0501,2.8541,196.6104,127,0.0254
average,2,0.1509,2.1944,16.667,21,0.0042
average,3,0.1231,2.2065,138.4998,21,0.0042
average,4,0.1,2.0009,94.0916,6,0.0012
average,5,0.097,1.9728,71.7808,5,0.001
average,6,0.0909,1.9271,58.4715,5,0.001
average,7,0.0573,1.9302,50.8175,5,0.001
average,8,0.0256,1.7919,43.7682,1,0.0002
average,9,0.0224,1.795,38.7271,1,0.0002
average,10,-0.0041,1.9494,35.9927,1,0.0002
single,2,0.2515,0.6188,2.5336,1,0.0002
single,3,0.2056,0.6454,2.3851,1,0.0002
single,4,0.1518,0.8886,2.7094,1,0.0002
single,5,0.1329,0.6855,2.1519,1,0.0002
single,6,0.1212,0.6824,2.1572,1,0.0002
single,7,0.1047,0.7477,2.5091,1,0.0002
single,8,0.1001,0.7949,2.7204,1,0.0002
single,9,0.0952,0.7287,2.4349,1,0.0002
single,10,0.0928,0.7214,2.4144,1,0.0002
