,"Cluster 0 (n=1,608)","Cluster 1 (n=1,152)",Cluster 2 (n=817),Cluster 3 (n=359),"Cluster 4 (n=1,064)"
Age,0.2997,-0.2378,-0.6226,-0.0806,0.3583
Flight Distance,0.4006,-0.2953,-0.4046,-0.3952,0.1622
Inflight wifi service,0.2898,-0.205,-0.0711,-0.0188,-0.2275
Departure/Arrival time convenient,-0.0913,0.38,-0.5347,0.123,0.0301
Ease of Online booking,0.1302,-0.2513,-0.0887,-0.0532,0.0589
Gate location,-0.0072,-0.0274,-0.0346,0.0028,0.01
Food and drink,0.3269,-0.122,-0.1124,-0.0557,-0.2531
Online boarding,0.6721,-0.5097,-0.4531,-0.2309,-0.0671
Seat comfort,0.5202,-0.3061,-0.3238,-0.2001,-0.1621
Inflight entertainment,0.7306,-0.1111,-0.2292,-0.1976,-0.746
On-board service,0.5393,0.0529,-0.0669,-0.3076,-0.7812
Leg room service,0.5183,-0.1844,-0.077,-0.2626,-0.514
Baggage handling,0.4555,0.1376,0.0589,-0.2355,-0.847
Checkin service,0.2181,-0.0127,-0.0431,-0.1656,-0.3459
Inflight service,0.436,0.1862,0.0591,-0.2367,-0.9061
Cleanliness,0.4334,-0.1805,-0.1734,-0.093,-0.2927
Departure Delay in Minutes,-0.1115,-0.0084,-0.0136,-0.0081,0.1663
Arrival Delay in Minutes,-0.1254,-0.0267,-0.015,0.0087,0.2205
Gender_Male,0.0622,0.159,-0.0793,-0.0102,-0.1543
Customer Type_disloyal Customer,-0.4647,-0.4683,2.1057,-0.1556,-0.4095
Type of Travel_Personal Travel,-0.6547,1.4719,-0.6603,0.3467,-0.2219
Class_Eco,-0.6068,0.954,0.3185,-0.9043,-0.0447
Class_Eco Plus,-0.2476,-0.2788,-0.2788,3.5868,-0.2752
