Algorithm,linkage,k,silhouette_score,davies_bouldin_score,calinski_harabasz_score,Sample Size,Selected Model
Agglomerative,ward,2,0.0689,2.9038,457.0979,5000,False
Agglomerative,ward,3,0.0828,2.8521,393.8358,5000,False
Agglomerative,ward,4,0.0985,2.606,371.167,5000,False
Agglomerative,ward,5,0.1023,2.5657,358.6502,5000,True
Agglomerative,ward,6,0.0768,2.4808,346.7746,5000,False
Agglomerative,ward,7,0.077,2.3622,329.4138,5000,False
Agglomerative,ward,8,0.0825,2.3469,309.2948,5000,False
Agglomerative,ward,9,0.0779,2.3176,288.9727,5000,False
Agglomerative,ward,10,0.0789,2.5246,273.2926,5000,False
Agglomerative,complete,2,0.0771,3.161,292.0014,5000,False
Agglomerative,complete,3,0.0721,3.4413,303.9015,5000,False
Agglomerative,complete,4,0.0817,3.0652,278.6101,5000,False
Agglomerative,complete,5,0.0779,3.022,227.0731,5000,False
Agglomerative,complete,6,0.0508,3.2366,229.3771,5000,False
Agglomerative,complete,7,0.0532,3.0061,222.935,5000,False
Agglomerative,complete,8,0.0547,2.9038,217.9349,5000,False
Agglomerative,complete,9,0.056,2.7364,209.493,5000,False
Agglomerative,complete,10,0.0501,2.8541,196.6104,5000,False
Agglomerative,average,2,0.1509,2.1944,16.667,5000,False
Agglomerative,average,3,0.1231,2.2065,138.4998,5000,False
Agglomerative,average,4,0.1,2.0009,94.0916,5000,False
Agglomerative,average,5,0.097,1.9728,71.7808,5000,False
Agglomerative,average,6,0.0909,1.9271,58.4715,5000,False
Agglomerative,average,7,0.0573,1.9302,50.8175,5000,False
Agglomerative,average,8,0.0256,1.7919,43.7682,5000,False
Agglomerative,average,9,0.0224,1.795,38.7271,5000,False
Agglomerative,average,10,-0.0041,1.9494,35.9927,5000,False
Agglomerative,single,2,0.2515,0.6188,2.5336,5000,False
Agglomerative,single,3,0.2056,0.6454,2.3851,5000,False
Agglomerative,single,4,0.1518,0.8886,2.7094,5000,False
Agglomerative,single,5,0.1329,0.6855,2.1519,5000,False
Agglomerative,single,6,0.1212,0.6824,2.1572,5000,False
Agglomerative,single,7,0.1047,0.7477,2.5091,5000,False
Agglomerative,single,8,0.1001,0.7949,2.7204,5000,False
Agglomerative,single,9,0.0952,0.7287,2.4349,5000,False
Agglomerative,single,10,0.0928,0.7214,2.4144,5000,False
