Algorithm,k,Clusters Found,Inertia,Evaluation N,Silhouette Score,Davies-Bouldin Index,Calinski-Harabasz Index,Min Cluster Size,Max Cluster Size,Min Cluster (%),Max Cluster (%),Selected Model,Fit N,Metric Eval N
K-Means,2,2,2092596.1763,10000,0.1232,2.6019,1426.4364,49376,54528,47.52,52.48,False,103904,10000
K-Means,3,3,1965481.2369,10000,0.1108,2.7456,1088.4797,28906,43653,27.82,42.01,True,103904,10000
K-Means,4,4,1861225.0124,10000,0.0909,2.6386,951.5361,23544,27901,22.66,26.85,False,103904,10000
K-Means,5,5,1770991.6334,10000,0.0951,2.4485,879.0405,18551,23530,17.85,22.65,False,103904,10000
K-Means,6,6,1685450.9213,10000,0.1029,2.2533,844.7959,7464,22303,7.18,21.47,False,103904,10000
K-Means,7,7,1616661.2891,10000,0.1096,2.1377,800.8969,7448,18383,7.17,17.69,False,103904,10000
K-Means,8,8,1573018.2204,10000,0.1091,2.1565,743.8105,7439,17654,7.16,16.99,False,103904,10000
K-Means,9,9,1533010.4687,10000,0.111,2.1561,700.4891,7001,17233,6.74,16.59,False,103904,10000
K-Means,10,10,1501588.5988,10000,0.1063,2.2241,658.7302,7370,17143,7.09,16.5,False,103904,10000
