Model,Test R2,RMSE,MAE,5-Fold CV R2,CV R2 Std
Random Forest,0.9208,9.6585,5.6209,0.9166,0.0049
Gradient Boosting,0.9193,9.7493,5.731,0.9133,0.0057
K-Nearest Neighbors,0.9074,10.4421,5.6114,0.8986,0.0048
Decision Tree,0.8783,11.9706,6.3475,0.8663,0.0095
Support Vector Regressor,0.8495,13.3105,7.6703,0.8437,0.0083
Polynomial Regression (Degree 2),0.8411,13.6758,9.0168,0.8096,0.0137
ElasticNet,0.7154,18.3039,13.5486,0.7085,0.0091
Ridge,0.7154,18.3038,13.5488,0.7085,0.0091
Linear Regression,0.7153,18.3067,13.5481,0.7085,0.0091
Lasso,0.7153,18.308,13.5539,0.7083,0.009
